{
  "lvl0ambience": {
    "sounds": [ "backrooms:lvl0ambience" ]
  },
  "lvl2ambience": {
    "sounds": [ "backrooms:lvl2ambience" ]
  },
  "tunnel": {
    "sounds": [ "backrooms:tunnel" ]
  },
  "ocean": {
    "sounds": [ "backrooms:ocean" ]
  },
  "hub": {
    "sounds": [ "backrooms:lvhubambience" ]
  },
  "fun": {
    "sounds": [ "backrooms:lvlfunambience" ]
  },
  "poolrooms": {
    "sounds": [ "backrooms:lvlpoolroomsambience" ]
  },
  "field": {
    "sounds": [ "backrooms:field" ]
  },
  "run": {
    "sounds": [ "backrooms:lvlrunambience" ]
  },
  "mall": {
    "sounds": [ "backrooms:shoppingcenter" ]
  },
  "escape": {
    "sounds": [ "backrooms:escape" ]
  },
  "endrod": {
    "sounds": [ "backrooms:lvlendrod" ]
  },
  "mushroom": {
    "sounds": [ "backrooms:lvlmushroomambience" ]
  },
  "lonelyhouse": {
    "sounds": [ "backrooms:lvllonelyhouseambience" ]
  },
  "ratte-entrada": {
    "sounds": [ "backrooms:lvlratte" ]
  },
  "fettarme": {
    "sounds": [ "backrooms:milch_aber_fettarme" ]
  },
  "camping": {
    "sounds": [ "backrooms:camping" ]
  },
  "hopekill": {
    "sounds": [ "backrooms:hope" ]
  },
  "lenkill": {
    "sounds": [ "backrooms:len" ]
  }
}